STT,Name,Phone,Email,UTM
1,"Trần Tùng",912957368,trantunghn196@gmail.com,facebook
2,"Gia Hưng",12345667,giahung@gmail.com,
3,"gia minh",5413213,giaminh@gmail.com,abc
4,"Trịnh Văn Hà",361165713,trinhvanha4@gmail.com,
5,"Huỳnh Thu Giang",410057465,huynhthugiang5@gmail.com,zalo
6,"Huỳnh Khánh Long",670755386,huynhkhanhlong6@gmail.com,youtube
7,"Lê Công Em",516961792,lecongem7@gmail.com,
8,"Hồ Hữu Trang",947578031,hohuutrang8@gmail.com,abc
9,"Phạm Khánh Mai",944957153,phamkhanhmai9@gmail.com,tiktok
10,"Hồ Xuân Mai",920591504,hoxuanmai10@gmail.com,zalo
11,"Huỳnh Phúc Bình",703015770,huynhphucbinh11@gmail.com,zalo
12,"Hoàng Phúc Tú",624865339,hoangphuctu12@gmail.com,facebook
13,"Mai Công Hưng",465098131,maiconghung13@gmail.com,facebook
14,"Hoàng Hữu Cường",541847307,hoanghuucuong14@gmail.com,abc
15,"Ngô Thanh Sơn",822362343,ngothanhson15@gmail.com,email
16,"Vũ Hải Bình",899610582,vuhaibinh16@gmail.com,
17,"Hồ Hoàng Hưng",875657390,hohoanghung17@gmail.com,google_ads
18,"Vũ Ngọc An",662201185,vungocan18@gmail.com,zalo
19,"Đỗ Tuấn Nhi",509719008,dotuannhi19@gmail.com,
20,"Ngô Quốc An",697228491,ngoquocan20@gmail.com,youtube
21,"Phạm Ngọc Phong",903719705,phamngocphong21@gmail.com,email
22,"Hồ Bảo Hùng",886766598,hobaohung22@gmail.com,
23,"Lý Tuấn Minh",665635323,lytuanminh23@gmail.com,zalo
24,"Nguyễn Quốc Long",333816218,nguyenquoclong24@gmail.com,facebook
25,"Trịnh Thị Thảo",726232571,trinhthithao25@gmail.com,facebook_ads
26,"Nguyễn Ngọc Trang",513103769,nguyenngoctrang26@gmail.com,facebook
27,"Đinh Gia Yến",676653494,dinhgiayen27@gmail.com,facebook_ads
28,"Nguyễn Ngọc Long",692843211,nguyenngoclong28@gmail.com,google_ads
29,"Vũ Thanh An",803234071,vuthanhan29@gmail.com,youtube
30,"Dương Thu Yến",502067433,duongthuyen30@gmail.com,
31,"Phan Minh Tùng",624553167,phanminhtung31@gmail.com,abc
32,"Lê Hoàng Hùng",868718733,lehoanghung32@gmail.com,google
33,"Phạm Phúc Yến",702176325,phamphucyen33@gmail.com,zalo
34,"Nguyễn Tuấn Đạt",871981974,nguyentuandat34@gmail.com,tiktok
35,"Võ Xuân Giang",318850802,voxuangiang35@gmail.com,facebook_ads
36,"Phạm Văn Hùng",911662739,phamvanhung36@gmail.com,google
37,"Vũ Phúc Em",778157888,vuphucem37@gmail.com,facebook_ads
38,"Nguyễn Thị Lan",432719474,nguyenthilan38@gmail.com,tiktok
39,"Đặng Anh Mai",600018488,danganhmai39@gmail.com,google
40,"Đỗ Thanh Minh",738019210,dothanhminh40@gmail.com,google_ads
41,"Mai Anh Linh",723888973,maianhlinh41@gmail.com,email
42,"Phạm Bảo Hương",525582875,phambaohuong42@gmail.com,facebook_ads
43,"Võ Tuấn Yến",897588197,votuanyen43@gmail.com,
44,"Đào Hoàng Sơn",637991785,daohoangson44@gmail.com,abc
45,"Đinh Xuân Tùng",376409516,dinhxuantung45@gmail.com,email
46,"Lý Thanh Oanh",711347256,lythanhoanh46@gmail.com,facebook
47,"Đặng Gia Việt",630207902,danggiaviet47@gmail.com,facebook_ads
48,"Trần Công Việt",843389827,trancongviet48@gmail.com,youtube
49,"Vũ Anh Em",570651490,vuanhem49@gmail.com,youtube
50,"Đỗ Minh Khoa",401832541,dominhkhoa50@gmail.com,tiktok
51,"Huỳnh Hoàng Minh",504338631,huynhhoangminh51@gmail.com,
52,"Huỳnh Công Mai",633580620,huynhcongmai52@gmail.com,facebook_ads
53,"Hoàng Hải Tú",880784437,hoanghaitu53@gmail.com,email
54,"Đào Xuân Hùng",590399683,daoxuanhung54@gmail.com,email
55,"Bùi Đức Tú",742681657,buiductu55@gmail.com,zalo
56,"Đào Bảo Tùng",629106866,daobaotung56@gmail.com,facebook
57,"Hồ Gia Oanh",658342190,hogiaoanh57@gmail.com,facebook
58,"Đào Phúc Tú",914123328,daophuctu58@gmail.com,facebook_ads
59,"Đinh Hữu Cường",705638731,dinhhuucuong59@gmail.com,google_ads
60,"Lý Thị Hương",449913339,lythihuong60@gmail.com,tiktok
61,"Ngô Gia Phong",316345650,ngogiaphong61@gmail.com,facebook
62,"Lê Ngọc Hùng",634647390,lengochung62@gmail.com,
63,"Lý Công Thảo",744493573,lycongthao63@gmail.com,tiktok
64,"Dương Khánh Linh",386598103,duongkhanhlinh64@gmail.com,zalo
65,"Nguyễn Quốc Khoa",727978069,nguyenquockhoa65@gmail.com,google_ads
66,"Ngô Minh Nam",362925108,ngominhnam66@gmail.com,youtube
67,"Đinh Anh Yến",616165361,dinhanhyen67@gmail.com,google_ads
68,"Phan Xuân Oanh",674419572,phanxuanoanh68@gmail.com,
69,"Phạm Bảo Dũng",494932981,phambaodung69@gmail.com,facebook
70,"Bùi Xuân Phong",839128781,buixuanphong70@gmail.com,
71,"Nguyễn Kim Thảo",751748684,nguyenkimthao71@gmail.com,email
72,"Ngô Kim Hương",900264417,ngokimhuong72@gmail.com,google_ads
73,"Ngô Phúc Giang",865007431,ngophucgiang73@gmail.com,facebook
74,"Phạm Minh Linh",682200037,phamminhlinh74@gmail.com,google_ads
75,"Nguyễn Bảo Hùng",397772728,nguyenbaohung75@gmail.com,facebook
76,"Vũ Thu Việt",944116341,vuthuviet76@gmail.com,
77,"Đặng Bảo Bình",454791258,dangbaobinh77@gmail.com,
78,"Phạm Hoàng Dũng",962986805,phamhoangdung78@gmail.com,google
79,"Đinh Xuân Cường",471568109,dinhxuancuong79@gmail.com,abc
80,"Đinh Phúc Em",444948451,dinhphucem80@gmail.com,facebook_ads
81,"Bùi Hải Mai",310518803,buihaimai81@gmail.com,email
82,"Đặng Bảo Hùng",611659682,dangbaohung82@gmail.com,facebook
83,"Mai Xuân Nam",917313375,maixuannam83@gmail.com,
84,"Đào Bảo Lan",466744525,daobaolan84@gmail.com,facebook_ads
85,"Ngô Xuân Tú",860126815,ngoxuantu85@gmail.com,
86,"Lê Ngọc Dũng",631766974,lengocdung86@gmail.com,facebook
87,"Nguyễn Gia Hà",443509455,nguyengiaha87@gmail.com,email
88,"Đặng Tuấn Dũng",948117633,dangtuandung88@gmail.com,google
89,"Đỗ Kim Tùng",374020998,dokimtung89@gmail.com,facebook
90,"Võ Công Hương",336674888,voconghuong90@gmail.com,google_ads
91,"Đinh Anh Em",440326927,dinhanhem91@gmail.com,facebook
92,"Nguyễn Xuân Việt",768894102,nguyenxuanviet92@gmail.com,tiktok
93,"Lê Thanh Bình",837238748,lethanhbinh93@gmail.com,facebook_ads
94,"Trần Bảo Nhi",649405134,tranbaonhi94@gmail.com,google_ads
95,"Bùi Đức An",382862089,buiducan95@gmail.com,zalo
96,"Ngô Ngọc Mai",308807166,ngongocmai96@gmail.com,facebook_ads
97,"Dương Kim Uyên",758055743,duongkimuyen97@gmail.com,google_ads
98,"Ngô Đức Tú",864950700,ngoductu98@gmail.com,facebook
99,"Lý Minh Bình",428752907,lyminhbinh99@gmail.com,google_ads
100,"Ngô Phúc Tùng",989105957,ngophuctung100@gmail.com,youtube
101,"Đỗ Thanh Hương",579342110,dothanhhuong101@gmail.com,google
102,"Mai Đức An",516814942,maiducan102@gmail.com,facebook
103,"Trịnh Hoàng Bình",822394370,trinhhoangbinh103@gmail.com,email
104,"Hồ Hữu Quân",421636675,hohuuquan104@gmail.com,youtube
105,"Hồ Hải Quân",814879083,hohaiquan105@gmail.com,email
106,"Đinh Minh Long",909551461,dinhminhlong106@gmail.com,google_ads
107,"Nguyễn Gia Trang",876504102,nguyengiatrang107@gmail.com,youtube
108,"Phan Tuấn Yến",311985423,phantuanyen108@gmail.com,facebook_ads
109,"Bùi Ngọc Sơn",753015466,buingocson109@gmail.com,youtube
110,"Đinh Văn Thảo",851981480,dinhvanthao110@gmail.com,google_ads
111,"Nguyễn Hải Lan",883577529,nguyenhailan111@gmail.com,zalo
112,"Trịnh Ngọc Nhi",827234700,trinhngocnhi112@gmail.com,zalo
113,"Bùi Hữu Linh",634717332,buihuulinh113@gmail.com,
114,"Ngô Thanh Thảo",728728796,ngothanhthao114@gmail.com,google
115,"Đào Khánh Thảo",995509801,daokhanhthao115@gmail.com,email
116,"Hồ Hải Khoa",978970789,hohaikhoa116@gmail.com,tiktok
117,"Trần Phúc Hương",393052296,tranphuchuong117@gmail.com,facebook
118,"Hoàng Quốc Nhi",522727779,hoangquocnhi118@gmail.com,
119,"Huỳnh Thanh Tú",457244150,huynhthanhtu119@gmail.com,facebook_ads
120,"Võ Anh Nam",590840680,voanhnam120@gmail.com,tiktok
